Keyword,Match Type,Historical Clicks,Historical CPC,Landing Page
"swimming pool contractors in dubai",exact,52,AED 30.12,/renovation/pool/
"swimming pool construction dubai",exact,27,AED 24.81,/renovation/pool/
"pool construction dubai",exact,23,AED 27.59,/renovation/pool/
"swimming pool contractors in uae",exact,23,AED 24.27,/renovation/pool/
"swimming pool and landscaping companies in dubai",exact,22,AED 24.98,/renovation/pool/
"swimming pool contractors dubai",exact,18,AED 26.42,/renovation/pool/
"swimming pool company in dubai",exact,16,AED 46.29,/renovation/pool/
"pool company dubai",exact,16,AED 24.9,/renovation/pool/
"swimming pool installation dubai",exact,15,AED 26.52,/renovation/pool/
"swimming pool construction companies in dubai",exact,14,AED 31.42,/renovation/pool/
"pool contractors dubai",exact,12,AED 29.04,/renovation/pool/
"pool installation dubai",exact,11,AED 32.18,/renovation/pool/
"swimming pool contractor in dubai",exact,10,AED 27.12,/renovation/pool/
"fiberglass pools dubai",exact,10,AED 20.61,/renovation/pool/
"swimming pool company dubai",exact,9,AED 27.67,/renovation/pool/
"fiberglass pool dubai",exact,8,AED 20.0,/renovation/pool/
"swimming pool design dubai",exact,7,AED 36.31,/renovation/pool/
"best swimming pool company in dubai",exact,5,AED 23.41,/renovation/pool/
"swimming pool contractor dubai",exact,5,AED 27.16,/renovation/pool/
"swimming pool construction cost dubai",exact,5,AED 25.07,/renovation/pool/
"pool builders dubai",exact,5,AED 35.13,/renovation/pool/
"swimming pool contractors uae",phrase,4,AED 25.28,/renovation/pool/
"pool builder dubai",phrase,3,AED 44.72,/renovation/pool/
"swimming pool builders dubai",phrase,3,AED 38.7,/renovation/pool/
"swimming pool company in uae",phrase,3,AED 18.37,/renovation/pool/
"pool contractor dubai",phrase,3,AED 35.95,/renovation/pool/
"pool contractors in dubai",phrase,2,AED 11.99,/renovation/pool/
"swimming pool builders in dubai",phrase,2,AED 17.47,/renovation/pool/
"pool design dubai",phrase,2,AED 19.37,/renovation/pool/
